{"text": " Bukan gitu cara nyabos pertama, kamu jeneret image dulu, pakai image jen jepit-idua, baru-kamus, baru-kamus sedens, jadi referensitnya bagus.", "segments": [{"id": 0, "seek": 0, "start": 0.0, "end": 5.88, "text": " Bukan gitu cara nyabos pertama, kamu jeneret image dulu,", "tokens": [50364, 363, 22324, 20156, 10962, 18052, 455, 329, 49109, 11, 20705, 361, 268, 323, 83, 3256, 31643, 11, 50658], "temperature": 0.0, "avg_logprob": -0.7902540277551722, "compression_ratio": 1.3177570093457944, "no_speech_prob": 0.005126080941408873}, {"id": 1, "seek": 0, "start": 5.88, "end": 10.32, "text": " pakai image jen jepit-idua, baru-kamus,", "tokens": [50658, 49062, 3256, 361, 268, 361, 595, 270, 12, 327, 4398, 11, 36171, 12, 39917, 301, 11, 50880], "temperature": 0.0, "avg_logprob": -0.7902540277551722, "compression_ratio": 1.3177570093457944, "no_speech_prob": 0.005126080941408873}, {"id": 2, "seek": 0, "start": 10.32, "end": 15.52, "text": " baru-kamus sedens, jadi referensitnya bagus.", "tokens": [50880, 36171, 12, 39917, 301, 9643, 694, 11, 19399, 2864, 694, 270, 7457, 48348, 13, 51140], "temperature": 0.0, "avg_logprob": -0.7902540277551722, "compression_ratio": 1.3177570093457944, "no_speech_prob": 0.005126080941408873}], "language": "id"}