{"text": " Maksud saya referen sih, set karakter karakter. Solo setelah karakter masih gamairi.", "segments": [{"id": 0, "seek": 0, "start": 0.0, "end": 3.2, "text": " Maksud saya referen sih, set karakter karakter.", "tokens": [50364, 376, 5461, 532, 9160, 2864, 268, 25821, 11, 992, 7917, 33557, 7917, 33557, 13, 50524], "temperature": 0.0, "avg_logprob": -0.9643255869547526, "compression_ratio": 1.1506849315068493, "no_speech_prob": 0.022105280309915543}, {"id": 1, "seek": 0, "start": 3.2, "end": 5.2, "text": " Solo setelah karakter masih gamairi.", "tokens": [50524, 26452, 992, 338, 545, 7917, 33557, 31510, 290, 2404, 12988, 13, 50624], "temperature": 0.0, "avg_logprob": -0.9643255869547526, "compression_ratio": 1.1506849315068493, "no_speech_prob": 0.022105280309915543}], "language": "id"}